[{"id":"user-image-Screenshot2024-02-26130652.png","publicUrl":"np://user.desktop.nicepage.com/Site_135027288/images/Screenshot2024-02-26130652.png","size":400777,"hash":"Q4En5XT2Fyunqb0/xqr5CF3feFI=","fileName":"Screenshot2024-02-26130652.png","name":"Screenshot2024-02-26130652","width":772,"height":802,"thumbnail":{"url":"np://user.desktop.nicepage.com/Site_135027288/images/thumbnails/Screenshot2024-02-26130652.png","width":241,"height":250},"folderId":null,"usages":["482630675"]},{"id":"user-image-Screenshot2024-02-26114817.png","publicUrl":"np://user.desktop.nicepage.com/Site_135027288/images/Screenshot2024-02-26114817.png","size":765683,"hash":"5VPWz/LHdpgarBhMwo7R3ZpRbv4=","fileName":"Screenshot2024-02-26114817.png","name":"Screenshot2024-02-26114817","width":795,"height":487,"thumbnail":{"url":"np://user.desktop.nicepage.com/Site_135027288/images/thumbnails/Screenshot2024-02-26114817.png","width":250,"height":153},"folderId":null,"usages":["482630675"]},{"id":"user-image-Screenshot2024-02-26115055.png","publicUrl":"np://user.desktop.nicepage.com/Site_135027288/images/Screenshot2024-02-26115055.png","size":856865,"hash":"1vHOzXi5wIYRDb2o7sO94HJJL/I=","fileName":"Screenshot2024-02-26115055.png","name":"Screenshot2024-02-26115055","width":768,"height":525,"thumbnail":{"url":"np://user.desktop.nicepage.com/Site_135027288/images/thumbnails/Screenshot2024-02-26115055.png","width":250,"height":171},"folderId":null,"usages":["482630675"]},{"id":"user-image-355144874_646060164224940_2845094797652073766_n-1024x683.jpg","publicUrl":"np://user.desktop.nicepage.com/Site_135027288/images/355144874_646060164224940_2845094797652073766_n-1024x683.jpg","size":187611,"hash":"z6F3n264PzWc0vJhSQNOADztKuw=","fileName":"355144874_646060164224940_2845094797652073766_n-1024x683.jpg","name":"355144874_646060164224940_2845094797652073766_n-1024x683","width":1024,"height":683,"thumbnail":{"url":"np://user.desktop.nicepage.com/Site_135027288/images/thumbnails/355144874_646060164224940_2845094797652073766_n-1024x683.jpg","width":250,"height":167},"folderId":null,"usages":["482630675"]},{"id":"user-image-Screenshot2024-02-26112830.png","publicUrl":"np://user.desktop.nicepage.com/Site_135027288/images/Screenshot2024-02-26112830.png","size":1000209,"hash":"n73tr4uFEBlDid9EBz/x6eCeSm4=","fileName":"Screenshot2024-02-26112830.png","name":"Screenshot2024-02-26112830","width":807,"height":605,"thumbnail":{"url":"np://user.desktop.nicepage.com/Site_135027288/images/thumbnails/Screenshot2024-02-26112830.png","width":250,"height":187},"folderId":null,"usages":["482630675"]},{"id":"user-image-Screenshot2024-02-26112912.png","publicUrl":"np://user.desktop.nicepage.com/Site_135027288/images/Screenshot2024-02-26112912.png","size":600631,"hash":"5yEUQdP8sBZt+07RfBh2A8JhXsE=","fileName":"Screenshot2024-02-26112912.png","name":"Screenshot2024-02-26112912","width":797,"height":512,"thumbnail":{"url":"np://user.desktop.nicepage.com/Site_135027288/images/thumbnails/Screenshot2024-02-26112912.png","width":250,"height":161},"folderId":null,"usages":["482630675"]},{"id":"user-image-Screenshot2024-02-26112955.png","publicUrl":"np://user.desktop.nicepage.com/Site_135027288/images/Screenshot2024-02-26112955.png","size":728912,"hash":"28Pa8zEptxNYjGC9xBr+mI0BZD4=","fileName":"Screenshot2024-02-26112955.png","name":"Screenshot2024-02-26112955","width":802,"height":570,"thumbnail":{"url":"np://user.desktop.nicepage.com/Site_135027288/images/thumbnails/Screenshot2024-02-26112955.png","width":250,"height":178},"folderId":null,"usages":["482630675"]},{"id":"user-image-Screenshot2024-02-26110600.png","publicUrl":"np://user.desktop.nicepage.com/Site_135027288/images/Screenshot2024-02-26110600.png","size":779148,"hash":"M7NUCsiwJ86F1JG2iUp/JAmy+6s=","fileName":"Screenshot2024-02-26110600.png","name":"Screenshot2024-02-26110600","width":810,"height":457,"thumbnail":{"url":"np://user.desktop.nicepage.com/Site_135027288/images/thumbnails/Screenshot2024-02-26110600.png","width":250,"height":141},"folderId":null,"usages":["482630675"]},{"id":"user-image-354860897_644882331009390_3578213128670679135_n-3.jpg","publicUrl":"np://user.desktop.nicepage.com/Site_135027288/images/354860897_644882331009390_3578213128670679135_n-3.jpg","size":320650,"hash":"nOhKt6AAJMnnvsrofVP8ZTdfUno=","fileName":"354860897_644882331009390_3578213128670679135_n-3.jpg","name":"354860897_644882331009390_3578213128670679135_n-3","width":688,"height":688,"thumbnail":{"url":"np://user.desktop.nicepage.com/Site_135027288/images/thumbnails/354860897_644882331009390_3578213128670679135_n-3.jpg","width":250,"height":250},"folderId":null,"usages":["482630675"]},{"id":"user-image-vbvbb-min.jpg","publicUrl":"np://user.desktop.nicepage.com/Site_135027288/images/vbvbb-min.jpg","size":247315,"hash":"hePxlJPdLCccSMoL/O2X/JRPwyc=","fileName":"vbvbb-min.jpg","name":"vbvbb-min","width":1619,"height":1080,"thumbnail":{"url":"np://user.desktop.nicepage.com/Site_135027288/images/thumbnails/vbvbb-min.jpg","width":250,"height":167},"folderId":null,"originalUrl":"//images01.nicepagecdn.com/c461c07a441a5d220e8feb1a/f823c20a3a2856129d07467e/vbvbb-min.jpg","usages":["482630675"]},{"id":"user-image-321092777_1119555045375766_7538497576561140344_n.jpg","publicUrl":"np://user.desktop.nicepage.com/Site_135027288/images/321092777_1119555045375766_7538497576561140344_n.jpg","size":141900,"hash":"p/TEm4+1CjJyqay2TiYIc0Utfx8=","fileName":"321092777_1119555045375766_7538497576561140344_n.jpg","name":"321092777_1119555045375766_7538497576561140344_n","width":1568,"height":1046,"thumbnail":{"url":"np://user.desktop.nicepage.com/Site_135027288/images/thumbnails/321092777_1119555045375766_7538497576561140344_n.jpg","width":250,"height":167},"folderId":null,"usages":["482630675"]},{"id":"user-image-302556857_5357429794352896_6083642638401989728_n.jpg","publicUrl":"np://user.desktop.nicepage.com/Site_135027288/images/302556857_5357429794352896_6083642638401989728_n.jpg","size":295215,"hash":"u+NsA4hbSkLbRoiCDNbRFS9t6HM=","fileName":"302556857_5357429794352896_6083642638401989728_n.jpg","name":"302556857_5357429794352896_6083642638401989728_n","width":1811,"height":905,"thumbnail":{"url":"np://user.desktop.nicepage.com/Site_135027288/images/thumbnails/302556857_5357429794352896_6083642638401989728_n.jpg","width":250,"height":125},"folderId":null,"usages":["482630675"]}]